OID_,OID1,given_address,lat,lon,formatted,housenumber,street,name,suburb,postcode,city,county,state,state_code,country,country_code,confidence,confidence_street_level,confidence_city_level,attribution,attribution_license,attribution_url,Company,Address,ObjectID,Shop,Powerade_Gatorade,Orange,Hot_Chocolate,Cookies,Pretzel_Bites,Popcorn,Ice_Cream,Frozen_Drinks,Sell_Bags_of_Ice,Iced_Tea,Italian_Sodas,Kids_Drinks,Smallest_Size,F16_oz__Base_Price,ObjectID_1
1,,"499S 500E Suite E American Fork, UT 84003",40.376806400000000,-111.795914600000003,"American Fork, UT 84003, United States of America",,,,,84003,American Fork,Utah County,Utah,UT,United States,us,0.250000000000000,,1,© OpenStreetMap contributors,Open Database License,https://www.openstreetmap.org/copyright,Fiiz Drinks,"499S 500E Suite E American Fork, UT 84003",1,Fiiz Drinks,Y,Y,Y,N,N,Y,Y,Y,Y,N,Y,Y,16 oz.,1.980000000000000,1
2,,"45W 400N Bountiful, UT 84010",40.889461099999998,-111.880481700000004,"Bountiful, UT 84010, United States of America",,,,,84010,Bountiful,Davis County,Utah,UT,United States,us,0.250000000000000,,1,© OpenStreetMap contributors,Open Database License,https://www.openstreetmap.org/copyright,Fiiz Drinks,"45W 400N Bountiful, UT 84010",2,Fiiz Drinks,Y,Y,Y,N,N,Y,Y,Y,Y,N,Y,Y,16 oz.,1.980000000000000,2
3,,"75E 200S Bountiful, UT 84010",40.889461099999998,-111.880481700000004,"Bountiful, UT 84010, United States of America",,,,,84010,Bountiful,Davis County,Utah,UT,United States,us,0.250000000000000,,1,© OpenStreetMap contributors,Open Database License,https://www.openstreetmap.org/copyright,Fiiz Drinks,"75E 200S Bountiful, UT 84010",3,Fiiz Drinks,Y,Y,Y,N,N,Y,Y,Y,Y,N,Y,Y,16 oz.,1.980000000000000,3
4,,"894W 1150S Brigham City, UT 84302",41.503177549999997,-112.024845400000004,"Brigham City, UT 84302, United States of America",,,Brigham City,,84302,Brigham City,Box Elder County,Utah,UT,United States,us,0.250000000000000,,1,© OpenStreetMap contributors,Open Database License,https://www.openstreetmap.org/copyright,Fiiz Drinks,"894W 1150S Brigham City, UT 84302",4,Fiiz Drinks,Y,Y,Y,N,N,Y,Y,Y,Y,N,Y,Y,16 oz.,1.980000000000000,4
5,,"392 N Cross Hollow Rd Cedar City, UT 84721",37.678227999999997,-113.108286000000007,"11 North Cross Hollow Road, Cedar City, UT 84720, United States of America",11,North Cross Hollow Road,,,84720,Cedar City,Iron County,Utah,UT,United States,us,0.500000000000000,1.000000000000000,1,© OpenAddresses contributors,BSD-3-Clause License,,Fiiz Drinks,"392 N Cross Hollow Rd Cedar City, UT 84721",5,Fiiz Drinks,Y,Y,Y,N,N,Y,Y,Y,Y,N,Y,Y,16 oz.,1.980000000000000,5
6,,"28E 450N Ephraim, UT 84627",39.359684199999997,-111.586304999999996,"Ephraim, UT 84627, United States of America",,,,,84627,Ephraim,Sanpete County,Utah,UT,United States,us,0.250000000000000,,1,© OpenStreetMap contributors,Open Database License,https://www.openstreetmap.org/copyright,Fiiz Drinks,"28E 450N Ephraim, UT 84627",6,Fiiz Drinks,Y,Y,Y,N,N,Y,Y,Y,Y,N,Y,Y,16 oz.,1.980000000000000,6
7,,"121 N East Promontory Farmington, UT 84025",40.983148000000000,-111.906744000000003,"121 North East Promontory, Farmington, UT 84025, United States of America",121,North East Promontory,,,84025,Farmington,Davis County,Utah,UT,United States,us,1.000000000000000,1.000000000000000,1,© OpenAddresses contributors,BSD-3-Clause License,,Fiiz Drinks,"121 N East Promontory Farmington, UT 84025",7,Fiiz Drinks,Y,Y,Y,N,N,Y,Y,Y,Y,N,Y,Y,16 oz.,1.980000000000000,7
8,,"920S UT-99 Fillmore, UT 84631",38.968852400000003,-112.323548700000003,"Fillmore, UT 84631, United States of America",,,,,84631,Fillmore,Millard County,Utah,UT,United States,us,0.250000000000000,,1,© OpenStreetMap contributors,Open Database License,https://www.openstreetmap.org/copyright,Fiiz Drinks,"920S UT-99 Fillmore, UT 84631",8,Fiiz Drinks,Y,Y,Y,N,N,Y,Y,Y,Y,N,Y,Y,16 oz.,1.980000000000000,8
9,,"13308S 5600W Herriman, UT 84096",40.513978399999999,-112.032908599999999,"Herriman, UT 84096, United States of America",,,,,84096,Herriman,Salt Lake County,Utah,UT,United States,us,0.250000000000000,,1,© OpenStreetMap contributors,Open Database License,https://www.openstreetmap.org/copyright,Fiiz Drinks,"13308S 5600W Herriman, UT 84096",9,Fiiz Drinks,Y,Y,Y,N,N,Y,Y,Y,Y,N,Y,Y,16 oz.,1.980000000000000,9
10,,"5517W 11000N Highland, UT 84003",40.380180439999997,-111.791439499999996,"American Fork, UT 84003, United States of America",,,American Fork,,84003,American Fork,Utah County,Utah,UT,United States,us,0.250000000000000,,1,© OpenStreetMap contributors,Open Database License,https://www.openstreetmap.org/copyright,Fiiz Drinks,"5517W 11000N Highland, UT 84003",10,Fiiz Drinks,Y,Y,Y,N,N,Y,Y,Y,Y,N,Y,Y,16 oz.,1.980000000000000,10
11,,"540 W State St Hurricane, UT 84737",37.176988999999999,-113.298475999999994,"540 West State Street, Hurricane, UT 84737, United States of America",540,West State Street,,,84737,Hurricane,Washington County,Utah,UT,United States,us,1.000000000000000,1.000000000000000,1,© OpenAddresses contributors,BSD-3-Clause License,,Fiiz Drinks,"540 W State St Hurricane, UT 84737",11,Fiiz Drinks,Y,Y,Y,N,N,Y,Y,Y,Y,N,Y,Y,16 oz.,1.980000000000000,11
12,,"315 N Main Street Kaysville, UT 84037",41.039987000000004,-111.941291000000007,"315 North Main Street, Kaysville, UT 84037, United States of America",315,North Main Street,,,84037,Kaysville,Davis County,Utah,UT,United States,us,1.000000000000000,1.000000000000000,1,© OpenAddresses contributors,BSD-3-Clause License,,Fiiz Drinks,"315 N Main Street Kaysville, UT 84037",12,Fiiz Drinks,Y,Y,Y,N,N,Y,Y,Y,Y,N,Y,Y,16 oz.,1.980000000000000,12
13,,"1346W 200N Kaysville, UT 84037",41.034984700000003,-111.938393099999999,"Kaysville, UT 84037, United States of America",,,,,84037,Kaysville,Davis County,Utah,UT,United States,us,0.250000000000000,,1,© OpenStreetMap contributors,Open Database License,https://www.openstreetmap.org/copyright,Fiiz Drinks,"1346W 200N Kaysville, UT 84037",13,Fiiz Drinks,Y,Y,Y,N,N,Y,Y,Y,Y,N,Y,Y,16 oz.,1.980000000000000,13
14,,"375 N Lagoon Dr Farmington, UT 84025",40.985624999999999,-111.896325000000004,"375 North Lagoon Drive, Farmington, UT 84025, United States of America",375,North Lagoon Drive,,,84025,Farmington,Davis County,Utah,UT,United States,us,1.000000000000000,1.000000000000000,1,© OpenAddresses contributors,BSD-3-Clause License,,Fiiz Drinks,"375 N Lagoon Dr Farmington, UT 84025",14,Fiiz Drinks,Y,Y,Y,N,N,Y,Y,Y,Y,N,Y,Y,16 oz.,1.980000000000000,14
15,,"375 N Lagoon Dr Farmington, UT 84025",40.985624999999999,-111.896325000000004,"375 North Lagoon Drive, Farmington, UT 84025, United States of America",375,North Lagoon Drive,,,84025,Farmington,Davis County,Utah,UT,United States,us,1.000000000000000,1.000000000000000,1,© OpenAddresses contributors,BSD-3-Clause License,,Fiiz Drinks,"375 N Lagoon Dr Farmington, UT 84025",14,Fiiz Drinks,Y,Y,Y,N,N,Y,Y,Y,Y,N,Y,Y,16 oz.,1.980000000000000,15
16,,"2631 N Hillfield Rd Layton, UT 84041",41.098523000000000,-111.973879999999994,"2631 N Hill Field Road, Layton, UT 84041, United States of America",2631,N Hill Field Road,,,84041,Layton,Davis County,Utah,UT,United States,us,1.000000000000000,1.000000000000000,1,© OpenAddresses contributors,BSD-3-Clause License,,Fiiz Drinks,"2631 N Hillfield Rd Layton, UT 84041",16,Fiiz Drinks,Y,Y,Y,N,N,Y,Y,Y,Y,N,Y,Y,16 oz.,1.980000000000000,16
17,,"1201 N Hillfield Rd Layton, UT 84041",41.078144999999999,-111.976256000000006,"1201 N Hill Field Road, Layton, UT 84041, United States of America",1201,N Hill Field Road,,,84041,Layton,Davis County,Utah,UT,United States,us,1.000000000000000,1.000000000000000,1,© OpenAddresses contributors,BSD-3-Clause License,,Fiiz Drinks,"1201 N Hillfield Rd Layton, UT 84041",17,Fiiz Drinks,Y,Y,Y,N,N,Y,Y,Y,Y,N,Y,Y,16 oz.,1.980000000000000,17
18,,"790N 1600W Mapleton, UT 84664",40.130233799999999,-111.578528100000000,"Mapleton, UT 84664, United States of America",,,,,84664,Mapleton,Utah County,Utah,UT,United States,us,0.250000000000000,,1,© OpenStreetMap contributors,Open Database License,https://www.openstreetmap.org/copyright,Fiiz Drinks,"790N 1600W Mapleton, UT 84664",18,Fiiz Drinks,Y,Y,Y,N,N,Y,Y,Y,Y,N,Y,Y,16 oz.,1.980000000000000,18
19,,"5055 S State St Murray, UT 84107",40.661548000000003,-111.888036000000000,"5055 South State Street, Murray, UT 84107, United States of America",5055,South State Street,,,84107,Murray,Salt Lake County,Utah,UT,United States,us,1.000000000000000,1.000000000000000,1,© OpenAddresses contributors,BSD-3-Clause License,,Fiiz Drinks,"5055 S State St Murray, UT 84107",19,Fiiz Drinks,Y,Y,Y,N,N,Y,Y,Y,Y,N,Y,Y,16 oz.,1.980000000000000,19
20,,"2592N 400E North Ogden, UT 84414",41.307135400000000,-111.960198599999998,"North Ogden, UT 84414, United States of America",,,,,84414,North Ogden,Weber County,Utah,UT,United States,us,0.250000000000000,,1,© OpenStreetMap contributors,Open Database License,https://www.openstreetmap.org/copyright,Fiiz Drinks,"2592N 400E North Ogden, UT 84414",20,Fiiz Drinks,Y,Y,Y,N,N,Y,Y,Y,Y,N,Y,Y,16 oz.,1.980000000000000,20
21,,"761 N Redwood Rd #140 North Salt Lake, UT 84054",40.854922999999999,-111.930269999999993,"761 North Redwood Road, North Salt Lake, UT 84054, United States of America",761,North Redwood Road,,,84054,North Salt Lake,Davis County,Utah,UT,United States,us,0.375000000000000,0.375000000000000,1,© OpenAddresses contributors,BSD-3-Clause License,,Fiiz Drinks,"761 N Redwood Rd #140 North Salt Lake, UT 84054",21,Fiiz Drinks,Y,Y,Y,N,N,Y,Y,Y,Y,N,Y,Y,16 oz.,1.980000000000000,21
22,,"1077 W 12th St Unit 1 Marriott-Slaterville, UT 84404",41.244441180000003,-112.002975899999996,"1077 West 12th Street, Marriott-Slaterville, UT 84404, United States of America",1077,West 12th Street,,,84404,Marriott-Slaterville,Weber County,Utah,UT,United States,us,1.000000000000000,1.000000000000000,1,© OpenStreetMap contributors,Open Database License,https://www.openstreetmap.org/copyright,Fiiz Drinks,"1077 W 12th St Unit 1 Marriott-Slaterville, UT 84404",22,Fiiz Drinks,Y,Y,Y,N,N,Y,Y,Y,Y,N,Y,Y,16 oz.,1.980000000000000,22
23,,"2356 Kiesel Ave Ogden, UT 84401",41.223640449999998,-111.971661999999995,"2356 Kiesel Avenue, Ogden, UT 84401, United States of America",2356,Kiesel Avenue,,25th Street,84401,Ogden,Weber County,Utah,UT,United States,us,1.000000000000000,1.000000000000000,1,© OpenStreetMap contributors,Open Database License,https://www.openstreetmap.org/copyright,Fiiz Drinks,"2356 Kiesel Ave Ogden, UT 84401",23,Fiiz Drinks,Y,Y,Y,N,N,Y,Y,Y,Y,N,Y,Y,16 oz.,1.980000000000000,23
24,,"1120 West Center St Orem, UT 84057",40.297248820000000,-111.722099000000000,"1120 West Center Street, Orem, UT 84057, United States of America",1120,West Center Street,,,84057,Orem,Utah County,Utah,UT,United States,us,1.000000000000000,1.000000000000000,1,© OpenStreetMap contributors,Open Database License,https://www.openstreetmap.org/copyright,Fiiz Drinks,"1120 West Center St Orem, UT 84057",24,Fiiz Drinks,Y,Y,Y,N,N,Y,Y,Y,Y,N,Y,Y,16 oz.,1.980000000000000,24
25,,"1186S 100W Unit #2 Richfield, UT 84701",38.772467399999996,-112.084094300000004,"Richfield, UT, United States of America",,,,,,Richfield,Sevier County,Utah,UT,United States,us,0.250000000000000,,1,© OpenStreetMap contributors,Open Database License,https://www.openstreetmap.org/copyright,Fiiz Drinks,"1186S 100W Unit #2 Richfield, UT 84701",25,Fiiz Drinks,Y,Y,Y,N,N,Y,Y,Y,Y,N,Y,Y,16 oz.,1.980000000000000,25
26,,"4860S 1900W Roy, UT 84067",41.161799899999998,-112.026190299999996,"Roy, UT 84067, United States of America",,,,,84067,Roy,Weber County,Utah,UT,United States,us,0.250000000000000,,1,© OpenStreetMap contributors,Open Database License,https://www.openstreetmap.org/copyright,Fiiz Drinks,"4860S 1900W Roy, UT 84067",26,Fiiz Drinks,Y,Y,Y,N,N,Y,Y,Y,Y,N,Y,Y,16 oz.,1.980000000000000,26
27,,"623 N SR 198 Salem, UT 84653",40.064048399999997,-111.667545000000004,"Fiiz Drinks, 623 North SR-198, Salem, UT 84653, United States of America",623,North SR-198,Fiiz Drinks,,84653,Salem,Utah County,Utah,UT,United States,us,1.000000000000000,1.000000000000000,1,© OpenStreetMap contributors,Open Database License,https://www.openstreetmap.org/copyright,Fiiz Drinks,"623 N SR 198 Salem, UT 84653",27,Fiiz Drinks,Y,Y,Y,N,N,Y,Y,Y,Y,N,Y,Y,16 oz.,1.980000000000000,27
28,,"7910S 1300E Sandy, UT 84094",40.581782500000003,-111.859464799999998,"Sandy, UT 84094, United States of America",,,Sandy,,84094,Sandy,Salt Lake County,Utah,UT,United States,us,0.250000000000000,,1,© OpenStreetMap contributors,Open Database License,https://www.openstreetmap.org/copyright,Fiiz Drinks,"7910S 1300E Sandy, UT 84094",28,Fiiz Drinks,Y,Y,Y,N,N,Y,Y,Y,Y,N,Y,Y,16 oz.,1.980000000000000,28
29,,"191 Crossroads Blvd Suite E Saratoga Springs, UT 84045",40.386969000000001,-111.920854000000006,"191 W Crossroads Boulevard, Saratoga Springs, UT 84045, United States of America",191,W Crossroads Boulevard,,,84045,Saratoga Springs,Utah County,Utah,UT,United States,us,0.950000000000000,0.950000000000000,1,© OpenAddresses contributors,BSD-3-Clause License,,Fiiz Drinks,"191 Crossroads Blvd Suite E Saratoga Springs, UT 84045",29,Fiiz Drinks,Y,Y,Y,N,N,Y,Y,Y,Y,N,Y,Y,16 oz.,1.980000000000000,29
30,,"10384 S Redwood Rd South Jordan, UT 84095",40.563035999999997,-111.939291999999995,"10384 South Redwood Road, South Jordan, UT 84095, United States of America",10384,South Redwood Road,,,84095,South Jordan,Salt Lake County,Utah,UT,United States,us,1.000000000000000,1.000000000000000,1,© OpenAddresses contributors,BSD-3-Clause License,,Fiiz Drinks,"10384 S Redwood Rd South Jordan, UT 84095",30,Fiiz Drinks,Y,Y,Y,N,N,Y,Y,Y,Y,N,Y,Y,16 oz.,1.980000000000000,30
31,,"6029 Fashion Point Dr South Ogden, UT 84403",41.153311199999997,-111.936019599999995,"6029 Fashion Point Drive, South Ogden, UT 84405, United States of America",6029,Fashion Point Drive,,,84405,South Ogden,Weber County,Utah,UT,United States,us,1.000000000000000,1.000000000000000,1,,,,Fiiz Drinks,"6029 Fashion Point Dr South Ogden, UT 84403",31,Fiiz Drinks,Y,Y,Y,N,N,Y,Y,Y,Y,N,Y,Y,16 oz.,1.980000000000000,31
32,,"1362 E Center St Spanish Fork, UT 84660",40.109040399999998,-111.631469999999993,"Fiiz Drinks, 1362 East Center Street, Spanish Fork, UT 84660, United States of America",1362,East Center Street,Fiiz Drinks,,84660,Spanish Fork,Utah County,Utah,UT,United States,us,1.000000000000000,1.000000000000000,1,© OpenStreetMap contributors,Open Database License,https://www.openstreetmap.org/copyright,Fiiz Drinks,"1362 E Center St Spanish Fork, UT 84660",32,Fiiz Drinks,Y,Y,Y,N,N,Y,Y,Y,Y,N,Y,Y,16 oz.,1.980000000000000,32
33,,"2339 S River Rd St. George, UT 84790",37.068424000000000,-113.549924000000004,"2339 S River Road, St. George, UT 84790, United States of America",2339,S River Road,,,84790,St. George,Washington County,Utah,UT,United States,us,1.000000000000000,1.000000000000000,1,© OpenAddresses contributors,BSD-3-Clause License,,Fiiz Drinks,"2339 S River Rd St. George, UT 84790",33,Fiiz Drinks,Y,Y,Y,N,N,Y,Y,Y,Y,N,Y,Y,16 oz.,1.980000000000000,33
34,,"6777 N Highway 36 #400 Stansbury Park, UT 84074",40.652127000000000,-112.289770000000004,"6777 N Hwy 36 Highway, Tooele, UT 84074, United States of America",6777,N Hwy 36 Highway,,,84074,Tooele,Tooele County,Utah,UT,United States,us,0.950000000000000,0.950000000000000,1,© OpenAddresses contributors,BSD-3-Clause License,,Fiiz Drinks,"6777 N Highway 36 #400 Stansbury Park, UT 84074",34,Fiiz Drinks,Y,Y,Y,N,N,Y,Y,Y,Y,N,Y,Y,16 oz.,1.980000000000000,34
35,,"1642S 2000W Syracuse, UT 84075",41.089593800000003,-112.063890299999997,"Syracuse, UT 84075, United States of America",,,,,84075,Syracuse,Davis County,Utah,UT,United States,us,0.250000000000000,,1,© OpenStreetMap contributors,Open Database License,https://www.openstreetmap.org/copyright,Fiiz Drinks,"1642S 2000W Syracuse, UT 84075",35,Fiiz Drinks,Y,Y,Y,N,N,Y,Y,Y,Y,N,Y,Y,16 oz.,1.980000000000000,35
36,,"2530W 4700S Taylorsville, UT 84129",40.655036410000001,-111.941288999999998,"Taylorsville, UT 84129, United States of America",,,Taylorsville,,84129,Taylorsville,Salt Lake County,Utah,UT,United States,us,0.250000000000000,,1,© OpenStreetMap contributors,Open Database License,https://www.openstreetmap.org/copyright,Fiiz Drinks,"2530W 4700S Taylorsville, UT 84129",36,Fiiz Drinks,Y,Y,Y,N,N,Y,Y,Y,Y,N,Y,Y,16 oz.,1.980000000000000,36
37,,"1970W 2550S Suite 105 West Haven, UT 84401",41.204957800000003,-112.048898500000007,"West Haven, UT, United States of America",,,,,,West Haven,Weber County,Utah,UT,United States,us,0.250000000000000,,1,© OpenStreetMap contributors,Open Database License,https://www.openstreetmap.org/copyright,Fiiz Drinks,"1970W 2550S Suite 105 West Haven, UT 84401",37,Fiiz Drinks,Y,Y,Y,N,N,Y,Y,Y,Y,N,Y,Y,16 oz.,1.980000000000000,37
38,,"4671S Midland Dr West Haven, UT 84401",41.178429000000001,-112.063243000000000,"4671 South Midland Drive, West Haven, UT 84401, United States of America",4671,South Midland Drive,,,84401,West Haven,Weber County,Utah,UT,United States,us,0.950000000000000,0.950000000000000,1,© OpenAddresses contributors,BSD-3-Clause License,,Fiiz Drinks,"4671S Midland Dr West Haven, UT 84401",38,Fiiz Drinks,Y,Y,Y,N,N,Y,Y,Y,Y,N,Y,Y,16 oz.,1.980000000000000,38
39,,"7724S 5600W Ste 101 West Jordan, UT 84081",40.598058049999999,-112.043888699999997,"West Jordan, UT 84081, United States of America",,,West Jordan,,84081,West Jordan,Salt Lake County,Utah,UT,United States,us,0.250000000000000,,1,© OpenStreetMap contributors,Open Database License,https://www.openstreetmap.org/copyright,Fiiz Drinks,"7724S 5600W Ste 101 West Jordan, UT 84081",39,Fiiz Drinks,Y,Y,Y,N,N,Y,Y,Y,Y,N,Y,Y,16 oz.,1.980000000000000,39
40,,"2935 S Glen Eagle Dr West Valley, UT 84128",40.706718000000002,-112.025486000000001,"2935 S Glen Eagles Drive, West Valley City, UT 84128, United States of America",2935,S Glen Eagles Drive,,Addison Park Three and Four,84128,West Valley City,Salt Lake County,Utah,UT,United States,us,0.950000000000000,0.950000000000000,1,© OpenAddresses contributors,BSD-3-Clause License,,Fiiz Drinks,"2935 S Glen Eagle Dr West Valley, UT 84128",40,Fiiz Drinks,Y,Y,Y,N,N,Y,Y,Y,Y,N,Y,Y,16 oz.,1.980000000000000,40
41,,"241 W Main St American Fork, UT 84003",40.376553800000003,-111.805006700000007,"Sodalicious, 241 West Main Street, American Fork, UT 84003, United States of America",241,West Main Street,Sodalicious,,84003,American Fork,Utah County,Utah,UT,United States,us,1.000000000000000,1.000000000000000,1,© OpenStreetMap contributors,Open Database License,https://www.openstreetmap.org/copyright,Sodalicious,"241 W Main St American Fork, UT 84003",41,Sodalicious,N,Y,Y,Y,N,Y,N,N,N,Y,N,Y,12 oz.,1.740000000000000,41
42,,"5136 W 13400 S Suite 100 Riverton, UT 84096",40.508293000000002,-112.013402999999997,"5136 West 13400 South, Herriman, UT 84096, United States of America",5136,West 13400 South,,,84096,Herriman,Salt Lake County,Utah,UT,United States,us,1.000000000000000,1.000000000000000,1,© OpenAddresses contributors,BSD-3-Clause License,,Sodalicious,"5136 W 13400 S Suite 100 Riverton, UT 84096",42,Sodalicious,N,Y,Y,Y,N,Y,N,N,N,Y,N,Y,12 oz.,1.740000000000000,42
43,,"736 W Blue Vista Lane #100 Midvale, UT 84047",40.619722060000001,-111.911485700000000,"736 West Blue Vista Lane, Midvale, UT 84047, United States of America",736,West Blue Vista Lane,,,84047,Midvale,Salt Lake County,Utah,UT,United States,us,1.000000000000000,1.000000000000000,1,© OpenStreetMap contributors,Open Database License,https://www.openstreetmap.org/copyright,Sodalicious,"736 W Blue Vista Lane #100 Midvale, UT 84047",43,Sodalicious,N,Y,Y,Y,N,Y,N,N,N,Y,N,Y,12 oz.,1.740000000000000,43
44,,"3667 Highland Dr Salt Lake City, UT 84106",40.691507280000003,-111.847270300000005,"3667 Highland Drive, Millcreek, UT 84106, United States of America",3667,Highland Drive,,,84106,Millcreek,Salt Lake County,Utah,UT,United States,us,1.000000000000000,1.000000000000000,1,© OpenStreetMap contributors,Open Database License,https://www.openstreetmap.org/copyright,Sodalicious,"3667 Highland Dr Salt Lake City, UT 84106",44,Sodalicious,N,Y,Y,Y,N,Y,N,N,N,Y,N,Y,12 oz.,1.740000000000000,44
45,,"162 W Center St Orem, UT 84057",40.297483000000000,-111.699708000000001,"162 W Center Street, Orem, UT 84057, United States of America",162,W Center Street,,,84057,Orem,Utah County,Utah,UT,United States,us,1.000000000000000,1.000000000000000,1,© OpenAddresses contributors,BSD-3-Clause License,,Sodalicious,"162 W Center St Orem, UT 84057",45,Sodalicious,N,Y,Y,Y,N,Y,N,N,N,Y,N,Y,12 oz.,1.740000000000000,45
46,,"495 W University Parkway Orem, UT 84058",40.273514929999997,-111.706375399999999,"495 West University Parkway, Orem, UT 84058, United States of America",495,West University Parkway,,,84058,Orem,Utah County,Utah,UT,United States,us,1.000000000000000,1.000000000000000,1,© OpenStreetMap contributors,Open Database License,https://www.openstreetmap.org/copyright,Sodalicious,"495 W University Parkway Orem, UT 84058",46,Sodalicious,N,Y,Y,Y,N,Y,N,N,N,Y,N,Y,12 oz.,1.740000000000000,46
47,,"1534 S State St Orem, UT 84097",40.269219000000000,-111.683133999999995,"1534 South State Street, Orem, UT 84097, United States of America",1534,South State Street,,,84097,Orem,Utah County,Utah,UT,United States,us,1.000000000000000,1.000000000000000,1,© OpenAddresses contributors,BSD-3-Clause License,,Sodalicious,"1534 S State St Orem, UT 84097",47,Sodalicious,N,Y,Y,Y,N,Y,N,N,N,Y,N,Y,12 oz.,1.740000000000000,47
48,,"800 W University Parkway Scott C. Keller Building Orem, UT 84058",40.277115000000002,-111.712776000000005,"800 West University Parkway, Orem, UT 84058, United States of America",800,West University Parkway,,,84058,Orem,Utah County,Utah,UT,United States,us,0.000000000000000,,1,© OpenAddresses contributors,BSD-3-Clause License,,Sodalicious,"800 W University Parkway Scott C. Keller Building Orem, UT 84058",48,Sodalicious,N,Y,Y,Y,N,Y,N,N,N,Y,N,Y,12 oz.,1.740000000000000,48
49,,"152 S Pleasant Grove Blvd Pleasant Grove, UT 84062",40.362195139999997,-111.755279799999997,"152 South Pleasant Grove Boulevard, Pleasant Grove, UT 84062, United States of America",152,South Pleasant Grove Boulevard,,,84062,Pleasant Grove,Utah County,Utah,UT,United States,us,1.000000000000000,1.000000000000000,1,© OpenStreetMap contributors,Open Database License,https://www.openstreetmap.org/copyright,Sodalicious,"152 S Pleasant Grove Blvd Pleasant Grove, UT 84062",49,Sodalicious,N,Y,Y,Y,N,Y,N,N,N,Y,N,Y,12 oz.,1.740000000000000,49
50,,"97 E 100 N Price, UT 84501",39.601073999999997,-110.811078100000003,"97 East 100 North, Price, UT 84501, United States of America",97,East 100 North,,,84501,Price,Carbon County,Utah,UT,United States,us,1.000000000000000,1.000000000000000,1,© OpenStreetMap contributors,Open Database License,https://www.openstreetmap.org/copyright,Sodalicious,"97 E 100 N Price, UT 84501",50,Sodalicious,N,Y,Y,Y,N,Y,N,N,N,Y,N,Y,12 oz.,1.740000000000000,50
51,,"30 W 300 N Provo, UT 84601",40.237824390000000,-111.659254300000001,"30 West 300 North, Provo, UT 84601, United States of America",30,West 300 North,,Downtown,84601,Provo,Utah County,Utah,UT,United States,us,1.000000000000000,1.000000000000000,1,© OpenStreetMap contributors,Open Database License,https://www.openstreetmap.org/copyright,Sodalicious,"30 W 300 N Provo, UT 84601",51,Sodalicious,N,Y,Y,Y,N,Y,N,N,N,Y,N,Y,12 oz.,1.740000000000000,51
52,,"3376 N University Ave Provo, UT 84604",40.278751290000002,-111.657826900000003,"3376 North University Avenue, Provo, UT 84604, United States of America",3376,North University Avenue,,Riverside,84604,Provo,Utah County,Utah,UT,United States,us,1.000000000000000,1.000000000000000,1,© OpenStreetMap contributors,Open Database License,https://www.openstreetmap.org/copyright,Sodalicious,"3376 N University Ave Provo, UT 84604",52,Sodalicious,N,Y,Y,Y,N,Y,N,N,N,Y,N,Y,12 oz.,1.740000000000000,52
53,,"2882 W 12600 S Riverton, UT 84065",40.522835999999998,-111.961117000000002,"2882 West 12600 South, Riverton, UT 84065, United States of America",2882,West 12600 South,,,84065,Riverton,Salt Lake County,Utah,UT,United States,us,1.000000000000000,1.000000000000000,1,© OpenAddresses contributors,BSD-3-Clause License,,Sodalicious,"2882 W 12600 S Riverton, UT 84065",53,Sodalicious,N,Y,Y,Y,N,Y,N,N,N,Y,N,Y,12 oz.,1.740000000000000,53
54,,"1421 South Jordan Pkwy South Jordan, UT 84095",40.562002000000000,-111.932125999999997,"1421 West South Jordan Parkway, South Jordan, UT 84095, United States of America",1421,West South Jordan Parkway,,,84095,South Jordan,Salt Lake County,Utah,UT,United States,us,0.950000000000000,0.950000000000000,1,© OpenAddresses contributors,BSD-3-Clause License,,Sodalicious,"1421 South Jordan Pkwy South Jordan, UT 84095",54,Sodalicious,N,Y,Y,Y,N,Y,N,N,N,Y,N,Y,12 oz.,1.740000000000000,54
55,,"1445 N Main St Springville, UT 84663",40.186461000000001,-111.610982000000007,"1445 North Main Street, Springville, UT 84663, United States of America",1445,North Main Street,,,84663,Springville,Utah County,Utah,UT,United States,us,1.000000000000000,1.000000000000000,1,© OpenAddresses contributors,BSD-3-Clause License,,Sodalicious,"1445 N Main St Springville, UT 84663",55,Sodalicious,N,Y,Y,Y,N,Y,N,N,N,Y,N,Y,12 oz.,1.740000000000000,55
56,,"901 W 400 S Springville, UT 84663",40.160646999999997,-111.626962800000001,"Domino's, 901 West 400 South, Springville, UT 84663, United States of America",901,West 400 South,Domino's,,84663,Springville,Utah County,Utah,UT,United States,us,1.000000000000000,1.000000000000000,1,© OpenStreetMap contributors,Open Database License,https://www.openstreetmap.org/copyright,Sodalicious,"901 W 400 S Springville, UT 84663",56,Sodalicious,N,Y,Y,Y,N,Y,N,N,N,Y,N,Y,12 oz.,1.740000000000000,56
57,,"291 E State St American Fork, UT 84003",40.375284569999998,-111.790971799999994,"291 East State Street, American Fork, UT 84003, United States of America",291,East State Street,,,84003,American Fork,Utah County,Utah,UT,United States,us,1.000000000000000,1.000000000000000,1,© OpenStreetMap contributors,Open Database License,https://www.openstreetmap.org/copyright,Quench It!,"291 E State St American Fork, UT 84003",57,Quench It!,Y,N,Y,Y,Y,Y,Y,Y,Y,Y,Y,Y,12 oz.,1.550000000000000,57
58,,"14653 S Porter Rockwell Blvd Suite A Bluffdale, UT 84065",40.485137000000002,-111.905276999999998,"14653 South Porter Rockwell Boulevard, Riverton, UT 84065, United States of America",14653,South Porter Rockwell Boulevard,,,84065,Riverton,Salt Lake County,Utah,UT,United States,us,1.000000000000000,1.000000000000000,1,© OpenAddresses contributors,BSD-3-Clause License,,Quench It!,"14653 S Porter Rockwell Blvd Suite A Bluffdale, UT 84065",58,Quench It!,Y,N,Y,Y,Y,Y,Y,Y,Y,Y,Y,Y,12 oz.,1.550000000000000,58
59,,"4095 E Pony Express Parkway Suite 11 Eagle Mountain, UT 84005",40.363759850000001,-111.965384400000005,"4095 East Pony Express Parkway, Eagle Mountain, UT 84005, United States of America",4095,East Pony Express Parkway,,,84005,Eagle Mountain,Utah County,Utah,UT,United States,us,1.000000000000000,1.000000000000000,1,© OpenStreetMap contributors,Open Database License,https://www.openstreetmap.org/copyright,Quench It!,"4095 E Pony Express Parkway Suite 11 Eagle Mountain, UT 84005",59,Quench It!,Y,N,Y,Y,Y,Y,Y,Y,Y,Y,Y,Y,12 oz.,1.550000000000000,59
60,,"760 S Main St Heber City, UT 84032",40.499783960000002,-111.413673299999999,"760 South Main Street, Heber, UT 84032, United States of America",760,South Main Street,,,84032,Heber,Wasatch County,Utah,UT,United States,us,1.000000000000000,1.000000000000000,1,© OpenStreetMap contributors,Open Database License,https://www.openstreetmap.org/copyright,Quench It!,"760 S Main St Heber City, UT 84032",60,Quench It!,Y,N,Y,Y,Y,Y,Y,Y,Y,Y,Y,Y,12 oz.,1.550000000000000,60
61,,"611 N 400 E Lehi, UT 84043",40.395036920000003,-111.843199999999996,"611 North 400 East, Lehi, UT 84043, United States of America",611,North 400 East,,,84043,Lehi,Utah County,Utah,UT,United States,us,1.000000000000000,1.000000000000000,1,© OpenStreetMap contributors,Open Database License,https://www.openstreetmap.org/copyright,Quench It!,"611 N 400 E Lehi, UT 84043",61,Quench It!,Y,N,Y,Y,Y,Y,Y,Y,Y,Y,Y,Y,12 oz.,1.550000000000000,61
62,,"3663 Pioneer Parkway Santa Clara, UT 84765",37.146695999999999,-113.654315999999994,"Pioneer Parkway, Santa Clara, UT 84765, United States of America",,Pioneer Parkway,,,84765,Santa Clara,Washington County,Utah,UT,United States,us,0.500000000000000,1.000000000000000,1,© OpenStreetMap contributors,Open Database License,https://www.openstreetmap.org/copyright,Quench It!,"3663 Pioneer Parkway Santa Clara, UT 84765",62,Quench It!,Y,N,Y,Y,Y,Y,Y,Y,Y,Y,Y,Y,12 oz.,1.550000000000000,62
63,,"532 S Main #120 Logan, UT 84321",41.729114840000001,-111.836085100000005,"Logan, UT 84321, United States of America",,,Logan,,84321,Logan,Cache County,Utah,UT,United States,us,0.250000000000000,,1,© OpenStreetMap contributors,Open Database License,https://www.openstreetmap.org/copyright,Twisted Sugar,"532 S Main #120 Logan, UT 84321",63,Twisted Sugar,Y,Y,N,Y,N,N,N,Y,N,Y,N,N,16 oz.,1.250000000000000,63
64,,"486 Main St Ste 1 Tremonton, UT 84337",41.712221999999997,-112.173353000000006,"486 West Main Street, Tremonton, UT 84337, United States of America",486,West Main Street,,,84337,Tremonton,Box Elder County,Utah,UT,United States,us,0.950000000000000,0.950000000000000,1,© OpenStreetMap contributors,Open Database License,https://www.openstreetmap.org/copyright,Twisted Sugar,"486 Main St Ste 1 Tremonton, UT 84337",64,Twisted Sugar,Y,Y,N,Y,N,N,N,Y,N,Y,N,N,16 oz.,1.250000000000000,64
65,,"2707 Parkland Blvd Ogden, UT 84404",41.307696999999997,-112.017854999999997,"2707 North Parkland Boulevard, Farr West, UT 84404, United States of America",2707,North Parkland Boulevard,,,84404,Farr West,Weber County,Utah,UT,United States,us,0.950000000000000,0.950000000000000,1,© OpenAddresses contributors,BSD-3-Clause License,,Twisted Sugar,"2707 Parkland Blvd Ogden, UT 84404",65,Twisted Sugar,Y,Y,N,Y,N,N,N,Y,N,Y,N,N,16 oz.,1.250000000000000,65
66,,"1481 E 5600 S F104 South Ogden, UT 84403",41.197158850000001,-111.948954099999995,"Ogden, UT 84403, United States of America",,,Ogden,,84403,Ogden,Weber County,Utah,UT,United States,us,0.250000000000000,,1,© OpenStreetMap contributors,Open Database License,https://www.openstreetmap.org/copyright,Twisted Sugar,"1481 E 5600 S F104 South Ogden, UT 84403",66,Twisted Sugar,Y,Y,N,Y,N,N,N,Y,N,Y,N,N,16 oz.,1.250000000000000,66
67,,"3519 W 5600 S Roy, UT 84067",41.161576599999997,-112.064953200000005,"3519 West 5600 South, Roy, UT 84067, United States of America",3519,West 5600 South,,,84067,Roy,Weber County,Utah,UT,United States,us,1.000000000000000,1.000000000000000,1,© OpenStreetMap contributors,Open Database License,https://www.openstreetmap.org/copyright,Twisted Sugar,"3519 W 5600 S Roy, UT 84067",67,Twisted Sugar,Y,Y,N,Y,N,N,N,Y,N,Y,N,N,16 oz.,1.250000000000000,67
68,,"185 N 2000 W Ste B West Point, UT 84015",41.116863369999997,-112.064628700000000,"185 North 2000 West, West Point, UT 84015, United States of America",185,North 2000 West,,,84015,West Point,Davis County,Utah,UT,United States,us,1.000000000000000,1.000000000000000,1,© OpenStreetMap contributors,Open Database License,https://www.openstreetmap.org/copyright,Twisted Sugar,"185 N 2000 W Ste B West Point, UT 84015",68,Twisted Sugar,Y,Y,N,Y,N,N,N,Y,N,Y,N,N,16 oz.,1.250000000000000,68
69,,"1089 W 1700 S Syracuse, UT 84075",41.087877149999997,-112.047669499999998,"Smart Cuts, 1089 West Antelope Drive, Syracuse, UT 84075, United States of America",1089,West Antelope Drive,Smart Cuts,,84075,Syracuse,Davis County,Utah,UT,United States,us,1.000000000000000,1.000000000000000,1,© OpenStreetMap contributors,Open Database License,https://www.openstreetmap.org/copyright,Twisted Sugar,"1089 W 1700 S Syracuse, UT 84075",69,Twisted Sugar,Y,Y,N,Y,N,N,N,Y,N,Y,N,N,16 oz.,1.250000000000000,69
70,,"377 E Gentile St Layton, UT 84041",41.060228559999999,-111.958129000000000,"377 East Gentile Street, Layton, UT 84041, United States of America",377,East Gentile Street,,Layton Park Plaza Condominium,84041,Layton,Davis County,Utah,UT,United States,us,1.000000000000000,1.000000000000000,1,© OpenStreetMap contributors,Open Database License,https://www.openstreetmap.org/copyright,Twisted Sugar,"377 E Gentile St Layton, UT 84041",70,Twisted Sugar,Y,Y,N,Y,N,N,N,Y,N,Y,N,N,16 oz.,1.250000000000000,70
71,,"25 W Parrish Ln Centerville, UT 84410",40.921421889999998,-111.887455799999998,"25 West Parrish Lane, Centerville, UT 84014, United States of America",25,West Parrish Lane,,,84014,Centerville,Davis County,Utah,UT,United States,us,1.000000000000000,1.000000000000000,1,© OpenStreetMap contributors,Open Database License,https://www.openstreetmap.org/copyright,Twisted Sugar,"25 W Parrish Ln Centerville, UT 84410",71,Twisted Sugar,Y,Y,N,Y,N,N,N,Y,N,Y,N,N,16 oz.,1.250000000000000,71
72,,"3544 W 6200 S Ste #101 West Valley City, UT 84129",40.639017000000003,-111.975340000000003,"3544 West 6200 South, Taylorsville, UT 84129, United States of America",3544,West 6200 South,,,84129,Taylorsville,Salt Lake County,Utah,UT,United States,us,1.000000000000000,1.000000000000000,1,© OpenAddresses contributors,BSD-3-Clause License,,Twisted Sugar,"3544 W 6200 S Ste #101 West Valley City, UT 84129",72,Twisted Sugar,Y,Y,N,Y,N,N,N,Y,N,Y,N,N,16 oz.,1.250000000000000,72
73,,"1936 E Fort Union Blvd Cottonwood Heights, UT 84121",40.624228000000002,-111.836427000000000,"1936 E Fort Union Boulevard, Cottonwood Heights, UT 84121, United States of America",1936,E Fort Union Boulevard,,,84121,Cottonwood Heights,Salt Lake County,Utah,UT,United States,us,1.000000000000000,1.000000000000000,1,© OpenAddresses contributors,BSD-3-Clause License,,Twisted Sugar,"1936 E Fort Union Blvd Cottonwood Heights, UT 84121",73,Twisted Sugar,Y,Y,N,Y,N,N,N,Y,N,Y,N,N,16 oz.,1.250000000000000,73
74,,"5257 W Anthem Peak Ln Herriman, UT 84096",40.535423999999999,-112.016220000000004,"5257 West Anthem Peak Lane, Herriman, UT 84096, United States of America",5257,West Anthem Peak Lane,,,84096,Herriman,Salt Lake County,Utah,UT,United States,us,1.000000000000000,1.000000000000000,1,© OpenAddresses contributors,BSD-3-Clause License,,Twisted Sugar,"5257 W Anthem Peak Ln Herriman, UT 84096",74,Twisted Sugar,Y,Y,N,Y,N,N,N,Y,N,Y,N,N,16 oz.,1.250000000000000,74
75,,"458 N Main St Heber City, UT ZIP??",40.513655999999997,-111.412830999999997,"458 North Main Street, Heber City, UT 84032, United States of America",458,North Main Street,,,84032,Heber City,Wasatch County,Utah,UT,United States,us,0.900000000000000,1.000000000000000,1,© OpenAddresses contributors,BSD-3-Clause License,,Twisted Sugar,"458 N Main St Heber City, UT ZIP??",75,Twisted Sugar,Y,Y,N,Y,N,N,N,Y,N,Y,N,N,16 oz.,1.250000000000000,75
76,,"1550 E W 3500 N St Lehi, UT ZIP??",40.419083999999998,-111.896433999999999,"Lehi, UT, United States of America",,,,,,Lehi,Utah County,Utah,UT,United States,us,0.250000000000000,,1,,,https://www.whosonfirst.org/docs/licenses/,Twisted Sugar,"1550 E W 3500 N St Lehi, UT ZIP??",76,Twisted Sugar,Y,Y,N,Y,N,N,N,Y,N,Y,N,N,16 oz.,1.250000000000000,76
77,,"250 E Crossroads Blvd Saratoga Springs, UT 84045",40.387428100000001,-111.909685699999997,"East Crossroads Boulevard, Saratoga Springs, UT 84043, United States of America",,East Crossroads Boulevard,East Crossroads Boulevard,,84043,Saratoga Springs,Utah County,Utah,UT,United States,us,0.500000000000000,1.000000000000000,1,© OpenStreetMap contributors,Open Database License,https://www.openstreetmap.org/copyright,Twisted Sugar,"250 E Crossroads Blvd Saratoga Springs, UT 84045",77,Twisted Sugar,Y,Y,N,Y,N,N,N,Y,N,Y,N,N,16 oz.,1.250000000000000,77
78,,"2245 University Pkwy Ste BVO Provo, UT 84604",40.263345000000001,-111.668818999999999,"2245 North University Parkway, Provo, UT 84604, United States of America",2245,North University Parkway,,,84604,Provo,Utah County,Utah,UT,United States,us,0.333333333000000,0.333333333000000,1,© OpenAddresses contributors,BSD-3-Clause License,,Twisted Sugar,"2245 University Pkwy Ste BVO Provo, UT 84604",78,Twisted Sugar,Y,Y,N,Y,N,N,N,Y,N,Y,N,N,16 oz.,1.250000000000000,78
79,,"1795 W 500 S Springville, UT 84663",40.160226199999997,-111.642157200000000,"1795 West 500 South, Springville, UT 84663, United States of America",1795,West 500 South,,,84663,Springville,Utah County,Utah,UT,United States,us,1.000000000000000,1.000000000000000,1,,,,Twisted Sugar,"1795 W 500 S Springville, UT 84663",79,Twisted Sugar,Y,Y,N,Y,N,N,N,Y,N,Y,N,N,16 oz.,1.250000000000000,79
80,,"2065 Fort Union Blvd Cottonwood Heights, UT",40.624766749999999,-111.832958399999995,"Dan's, 2065 Fort Union Boulevard, Cottonwood Heights, UT 84121, United States of America",2065,Fort Union Boulevard,Dan's,,84121,Cottonwood Heights,Salt Lake County,Utah,UT,United States,us,1.000000000000000,1.000000000000000,1,© OpenStreetMap contributors,Open Database License,https://www.openstreetmap.org/copyright,Swig,"2065 Fort Union Blvd Cottonwood Heights, UT",80,Swig,Y,Y,Y,Y,Y,N,N,N,N,N,N,N,16 oz.,1.450000000000000,80
81,,"989 E Tabernacle St St. George, UT 84770",37.108595299999998,-113.562490199999999,"Swig, 989 East Tabernacle Street, St. George, UT 84770, United States of America",989,East Tabernacle Street,Swig,,84770,St. George,Washington County,Utah,UT,United States,us,1.000000000000000,1.000000000000000,1,© OpenStreetMap contributors,Open Database License,https://www.openstreetmap.org/copyright,Swig,"989 E Tabernacle St St. George, UT 84770",81,Swig,Y,Y,Y,Y,Y,N,N,N,N,N,N,N,16 oz.,1.450000000000000,81
82,,"287 W St. George Blvd, St. George, UT 84770",37.110059890000002,-113.589324500000004,"287 West Saint George Boulevard, St. George, UT 84770, United States of America",287,West Saint George Boulevard,,,84770,St. George,Washington County,Utah,UT,United States,us,1.000000000000000,1.000000000000000,1,© OpenStreetMap contributors,Open Database License,https://www.openstreetmap.org/copyright,Swig,"287 W St. George Blvd, St. George, UT 84770",82,Swig,Y,Y,Y,Y,Y,N,N,N,N,N,N,N,16 oz.,1.450000000000000,82
83,,"1523 N Canyon Rd, Provo, UT 84604",40.254422130000002,-111.656214700000007,"1523 North Canyon Road, Provo, UT 84604, United States of America",1523,North Canyon Road,,Pleasant View,84604,Provo,Utah County,Utah,UT,United States,us,1.000000000000000,1.000000000000000,1,© OpenStreetMap contributors,Open Database License,https://www.openstreetmap.org/copyright,Swig,"1523 N Canyon Rd, Provo, UT 84604",83,Swig,Y,Y,Y,Y,Y,N,N,N,N,N,N,N,16 oz.,1.450000000000000,83
84,,"584 W 1600 N, Orem, UT 84057",40.326564810000001,-111.709885799999995,"584 West 1600 North, Orem, UT 84057, United States of America",584,West 1600 North,,,84057,Orem,Utah County,Utah,UT,United States,us,1.000000000000000,1.000000000000000,1,© OpenStreetMap contributors,Open Database License,https://www.openstreetmap.org/copyright,Swig,"584 W 1600 N, Orem, UT 84057",84,Swig,Y,Y,Y,Y,Y,N,N,N,N,N,N,N,16 oz.,1.450000000000000,84
85,,"1325 E Main St, Lehi, UT 84043",40.388851299999999,-111.827890900000000,"Swig, 1325 East Main Street, Lehi, UT 84043, United States of America",1325,East Main Street,Swig,,84043,Lehi,Utah County,Utah,UT,United States,us,1.000000000000000,1.000000000000000,1,© OpenStreetMap contributors,Open Database License,https://www.openstreetmap.org/copyright,Swig,"1325 E Main St, Lehi, UT 84043",85,Swig,Y,Y,Y,Y,Y,N,N,N,N,N,N,N,16 oz.,1.450000000000000,85
86,,"1881 W Traverse Pkwy, Ste A, Lehi, UT 84043",40.432324000000001,-111.877650900000006,"1881 West Traverse Parkway, Lehi, UT 84043, United States of America",1881,West Traverse Parkway,,,84043,Lehi,Utah County,Utah,UT,United States,us,1.000000000000000,1.000000000000000,1,,,,Swig,"1881 W Traverse Pkwy, Ste A, Lehi, UT 84043",86,Swig,Y,Y,Y,Y,Y,N,N,N,N,N,N,N,16 oz.,1.450000000000000,86
87,,"196 W 12300 S, Draper, UT 84020",40.527402000000002,-111.897052000000002,"196 West 12300 South, Draper, UT 84020, United States of America",196,West 12300 South,,,84020,Draper,Salt Lake County,Utah,UT,United States,us,1.000000000000000,1.000000000000000,1,© OpenAddresses contributors,BSD-3-Clause License,,Swig,"196 W 12300 S, Draper, UT 84020",87,Swig,Y,Y,Y,Y,Y,N,N,N,N,N,N,N,16 oz.,1.450000000000000,87
88,,"437 E 12300 S, Draper, UT 84020",40.527040999999997,-111.878553999999994,"437 East 12300 South, Draper, UT 84020, United States of America",437,East 12300 South,,,84020,Draper,Salt Lake County,Utah,UT,United States,us,1.000000000000000,1.000000000000000,1,© OpenAddresses contributors,BSD-3-Clause License,,Swig,"437 E 12300 S, Draper, UT 84020",88,Swig,Y,Y,Y,Y,Y,N,N,N,N,N,N,N,16 oz.,1.450000000000000,88
89,,"11528 S 4000 W, #101, South Jordan, UT",40.541944500000000,-111.986688999999998,"Dave's Barber Shop of South Jordan, 11528 s 4000 West, South Jordan, UT 84009, United States of America",,4000 West,Dave's Barber Shop of South Jordan,Oquirrh Mountain Marketplace,84009,South Jordan,Salt Lake County,Utah,UT,United States,us,0.003710938000000,,1,© OpenStreetMap contributors,Open Database License,https://www.openstreetmap.org/copyright,Swig,"11528 S 4000 W, #101, South Jordan, UT",89,Swig,Y,Y,Y,Y,Y,N,N,N,N,N,N,N,16 oz.,1.450000000000000,89
90,,"5462 W Daybreak Pkwy, Ste H1, South Jordan, UT",40.538027000000000,-112.021675000000002,"5462 West Daybreak Parkway, South Jordan, UT 84009, United States of America",5462,West Daybreak Parkway,,,84009,South Jordan,Salt Lake County,Utah,UT,United States,us,1.000000000000000,1.000000000000000,1,© OpenAddresses contributors,BSD-3-Clause License,,Swig,"5462 W Daybreak Pkwy, Ste H1, South Jordan, UT",90,Swig,Y,Y,Y,Y,Y,N,N,N,N,N,N,N,16 oz.,1.450000000000000,90
91,,"5575 S 900 E, Murray, UT 84117",40.650056999999997,-111.865692999999993,"5575 South 900 East, Holladay, UT 84117, United States of America",5575,South 900 East,,,84117,Holladay,Salt Lake County,Utah,UT,United States,us,1.000000000000000,1.000000000000000,1,© OpenAddresses contributors,BSD-3-Clause License,,Swig,"5575 S 900 E, Murray, UT 84117",91,Swig,Y,Y,Y,Y,Y,N,N,N,N,N,N,N,16 oz.,1.450000000000000,91
92,,"165 S 500 W, Bountiful, UT 84010",40.887377000000001,-111.891790000000000,"165 South 500 West, Bountiful, UT 84010, United States of America",165,South 500 West,,,84010,Bountiful,Davis County,Utah,UT,United States,us,1.000000000000000,1.000000000000000,1,© OpenAddresses contributors,BSD-3-Clause License,,Swig,"165 S 500 W, Bountiful, UT 84010",92,Swig,Y,Y,Y,Y,Y,N,N,N,N,N,N,N,16 oz.,1.450000000000000,92
93,,"916 W 1700 S, Ste C, Clearfield, UT 84015",41.089460000000003,-112.043522999999993,"916 West 1700 South, Clearfield, UT 84015, United States of America",916,West 1700 South,,,84015,Clearfield,Davis County,Utah,UT,United States,us,1.000000000000000,1.000000000000000,1,© OpenAddresses contributors,BSD-3-Clause License,,Swig,"916 W 1700 S, Ste C, Clearfield, UT 84015",93,Swig,Y,Y,Y,Y,Y,N,N,N,N,N,N,N,16 oz.,1.450000000000000,93
94,,"1912 W 1800 N, #B101, Clinton, UT 84015",41.140179000000003,-112.062777999999994,"1912 West 1800 North, Clearfield, UT 84015, United States of America",1912,West 1800 North,,,84015,Clearfield,Davis County,Utah,UT,United States,us,0.950000000000000,0.950000000000000,1,© OpenAddresses contributors,BSD-3-Clause License,,Swig,"1912 W 1800 N, #B101, Clinton, UT 84015",94,Swig,Y,Y,Y,Y,Y,N,N,N,N,N,N,N,16 oz.,1.450000000000000,94
95,,"880 S Main St, #180, Logan, UT 84321",41.716133999999997,-111.834605999999994,"880 South Main Street, Logan, UT 84321, United States of America",880,South Main Street,,,84321,Logan,Cache County,Utah,UT,United States,us,1.000000000000000,1.000000000000000,1,© OpenAddresses contributors,BSD-3-Clause License,,Swig,"880 S Main St, #180, Logan, UT 84321",95,Swig,Y,Y,Y,Y,Y,N,N,N,N,N,N,N,16 oz.,1.450000000000000,95
96,,"553 S Mall Dr, St. George, UT 84790",37.098833999999997,-113.535792999999998,"553 South Mall Drive, St. George, UT 84790, United States of America",553,South Mall Drive,,,84790,St. George,Washington County,Utah,UT,United States,us,0.950000000000000,0.950000000000000,1,© OpenAddresses contributors,BSD-3-Clause License,,Swig,"553 S Mall Dr, St. George, UT 84790",96,Swig,Y,Y,Y,Y,Y,N,N,N,N,N,N,N,16 oz.,1.450000000000000,96
97,,"260 S Fort Lane, Layton, UT 84041",41.055816080000000,-111.957824400000007,"260 South Fort Lane, Layton, UT 84041, United States of America",260,South Fort Lane,,Fort Lane Plaza Condominium,84041,Layton,Davis County,Utah,UT,United States,us,1.000000000000000,1.000000000000000,1,© OpenStreetMap contributors,Open Database License,https://www.openstreetmap.org/copyright,Swig,"260 S Fort Lane, Layton, UT 84041",97,Swig,Y,Y,Y,Y,Y,N,N,N,N,N,N,N,16 oz.,1.450000000000000,97
98,,"9971 N 4700 W, Cedar Hills, UT 84062",40.413190999999998,-111.772200999999995,"Swig, 9971 North 4700 West, Cedar Hills, UT 84062, United States of America",9971,North 4700 West,Swig,,84062,Cedar Hills,Utah County,Utah,UT,United States,us,1.000000000000000,1.000000000000000,1,© OpenStreetMap contributors,Open Database License,https://www.openstreetmap.org/copyright,Swig,"9971 N 4700 W, Cedar Hills, UT 84062",98,Swig,Y,Y,Y,Y,Y,N,N,N,N,N,N,N,16 oz.,1.450000000000000,98
99,,"220 N Main St, Tooele, UT 84074",40.534742999999999,-112.298113000000001,"220 North Main Street, Tooele, UT 84074, United States of America",220,North Main Street,,,84074,Tooele,Tooele County,Utah,UT,United States,us,1.000000000000000,1.000000000000000,1,© OpenAddresses contributors,BSD-3-Clause License,,Swig,"220 N Main St, Tooele, UT 84074",99,Swig,Y,Y,Y,Y,Y,N,N,N,N,N,N,N,16 oz.,1.450000000000000,99
100,,"4286 Harrison Blvd, Ogden, UT 84403",41.185358729999997,-111.948931999999999,"4286 Harrison Boulevard, Ogden, UT 84403, United States of America",4286,Harrison Boulevard,,,84403,Ogden,Weber County,Utah,UT,United States,us,1.000000000000000,1.000000000000000,1,© OpenStreetMap contributors,Open Database License,https://www.openstreetmap.org/copyright,Swig,"4286 Harrison Blvd, Ogden, UT 84403",100,Swig,Y,Y,Y,Y,Y,N,N,N,N,N,N,N,16 oz.,1.450000000000000,100
101,,"732 N 800 E, Spanish Fork, UT 84660",40.119270040000004,-111.640482300000002,"732 North 800 East, Spanish Fork, UT 84660, United States of America",732,North 800 East,,,84660,Spanish Fork,Utah County,Utah,UT,United States,us,1.000000000000000,1.000000000000000,1,© OpenStreetMap contributors,Open Database License,https://www.openstreetmap.org/copyright,Swig,"732 N 800 E, Spanish Fork, UT 84660",101,Swig,Y,Y,Y,Y,Y,N,N,N,N,N,N,N,16 oz.,1.450000000000000,101
102,,"1815 W 4700 S, Taylorsville, UT 84129",40.667470000000002,-111.941079999999999,"1815 West 4700 South, Taylorsville, UT 84129, United States of America",1815,West 4700 South,,,84129,Taylorsville,Salt Lake County,Utah,UT,United States,us,1.000000000000000,1.000000000000000,1,© OpenAddresses contributors,BSD-3-Clause License,,Swig,"1815 W 4700 S, Taylorsville, UT 84129",102,Swig,Y,Y,Y,Y,Y,N,N,N,N,N,N,N,16 oz.,1.450000000000000,102
103,,"131 E Main St, American Fork, UT 84003",40.376687300000000,-111.793545300000005,"131 East Main Street, American Fork, UT 84003, United States of America",131,East Main Street,,,84003,American Fork,Utah County,Utah,UT,United States,us,1.000000000000000,1.000000000000000,1,,,,Swig,"131 E Main St, American Fork, UT 84003",103,Swig,Y,Y,Y,Y,Y,N,N,N,N,N,N,N,16 oz.,1.450000000000000,103
104,,"7859 S 3200 W, West Jordan, UT 84088",40.608561999999999,-111.965738999999999,"7859 South 3200 West, West Jordan, UT 84088, United States of America",7859,South 3200 West,,,84088,West Jordan,Salt Lake County,Utah,UT,United States,us,1.000000000000000,1.000000000000000,1,© OpenAddresses contributors,BSD-3-Clause License,,Swig,"7859 S 3200 W, West Jordan, UT 84088",104,Swig,Y,Y,Y,Y,Y,N,N,N,N,N,N,N,16 oz.,1.450000000000000,104
107,,"98 E 1300 S, Orem, UT",40.271875999999999,-111.691918999999999,"140 East 1300 South, Orem, UT 84058, United States of America",140,East 1300 South,,,84058,Orem,Utah County,Utah,UT,United States,us,0.500000000000000,1.000000000000000,1,© OpenAddresses contributors,BSD-3-Clause License,,Swig,"98 E 1300 S, Orem, UT",107,Swig,Y,Y,Y,Y,Y,N,N,N,N,N,N,N,16 oz.,1.450000000000000,105
108,,"3510 Pioneer Parkway, Santa Clara, UT",37.146901999999997,-113.659734000000000,"3510 West Pioneer Parkway, Santa Clara, UT 84765, United States of America",3510,West Pioneer Parkway,,,84765,Santa Clara,Washington County,Utah,UT,United States,us,0.950000000000000,0.950000000000000,1,© OpenAddresses contributors,BSD-3-Clause License,,Swig,"3510 Pioneer Parkway, Santa Clara, UT",108,Swig,Y,Y,Y,Y,Y,N,N,N,N,N,N,N,16 oz.,1.450000000000000,106
109,,"187 E 1000 N, Spanish Fork, UT 84660",40.122986800000000,-111.654283100000001,"187 East 1000 North, Spanish Fork, UT 84660, United States of America",187,East 1000 North,,,84660,Spanish Fork,Utah County,Utah,UT,United States,us,1.000000000000000,1.000000000000000,1,© OpenStreetMap contributors,Open Database License,https://www.openstreetmap.org/copyright,Swig,"187 E 1000 N, Spanish Fork, UT 84660",109,Swig,Y,Y,Y,Y,Y,N,N,N,N,N,N,N,16 oz.,1.450000000000000,107
110,,"2330 E 3300 S, Salt Lake City, UT 84109",40.698655000000002,-111.823876999999996,"2330 East 3300 South, Salt Lake City, UT 84109, United States of America",2330,East 3300 South,,Young Haven Circle,84109,Salt Lake City,Salt Lake County,Utah,UT,United States,us,1.000000000000000,1.000000000000000,1,© OpenAddresses contributors,BSD-3-Clause License,,Swig,"2330 E 3300 S, Salt Lake City, UT 84109",110,Swig,Y,Y,Y,Y,Y,N,N,N,N,N,N,N,16 oz.,1.450000000000000,108
111,,"554 N Mill Rd, Vineyard, UT 84059",40.307242000000002,-111.737930000000006,"554 N Mill Road, Vineyard, UT 84059, United States of America",554,N Mill Road,,,84059,Vineyard,Utah County,Utah,UT,United States,us,1.000000000000000,1.000000000000000,1,© OpenAddresses contributors,BSD-3-Clause License,,Swig,"554 N Mill Rd, Vineyard, UT 84059",111,Swig,Y,Y,Y,Y,Y,N,N,N,N,N,N,N,16 oz.,1.450000000000000,109
105,,"7082 S 700 W, Midvale, UT",40.622692000000001,-111.910545999999997,"7082 South 700 West, Midvale, UT 84047, United States of America",7082,South 700 West,,,84047,Midvale,Salt Lake County,Utah,UT,United States,us,1.000000000000000,1.000000000000000,1,© OpenAddresses contributors,BSD-3-Clause License,,Swig,,1,Swig,Y,Y,Y,Y,Y,N,N,N,N,N,N,N,16 oz.,1.450000000000000,110
106,,"1573 W 11400 S, South Jordan, UT",40.544719999999998,-111.935693000000001,"1570 West 11400 South, South Jordan, UT 84095, United States of America",1570,West 11400 South,,,84095,South Jordan,Salt Lake County,Utah,UT,United States,us,0.700000000000000,1.000000000000000,1,© OpenAddresses contributors,BSD-3-Clause License,,Swig,,1,Swig,Y,Y,Y,Y,Y,N,N,N,N,N,N,N,16 oz.,1.450000000000000,111
